﻿<metadata>
  <idinfo>
    <citation>
      <citeinfo>
        <origin>King County Dept. of Transportation, Metro Transit Division, GIS Group</origin>
        <pubdate>unknown</pubdate>
        <title>Metro Bus Stops in King County</title>
        <geoform>vector digital data</geoform>
        <onlink>http://www5.kingcounty.gov/gisdataportal/Default.aspx</onlink>
      </citeinfo>
    </citation>
    <descript>
      <abstract>On-street location where transit vehicles stop to pick-up and discharge passengers. It has a sign and basic service information; sometimes also a shelter with benches.</abstract>
      <purpose>Used by trip planning application to plan customer itinerary and show riders where to board or alight. Facility planning uses data to analyze the bus stop usage. The data determines whether stops should be added; relocated or removed. Service planning uses the data to determine which areas need more service or a change of service.</purpose>
      <supplinf>None</supplinf>
    </descript>
    <timeperd>
      <timeinfo>
        <sngdate>
          <caldate>20121205</caldate>
        </sngdate>
      </timeinfo>
      <current>publication date, and updated daily.</current>
    </timeperd>
    <status>
      <progress>Complete</progress>
      <update>Daily</update>
    </status>
    <spdom>
      <bounding>
        <westbc>-122.526011</westbc>
        <eastbc>-121.780255</eastbc>
        <northbc>47.937441</northbc>
        <southbc>47.182889</southbc>
      </bounding>
    </spdom>
    <keywords>
      <theme>
        <themekt>Not applicable</themekt>
        <themekey>busstop</themekey>
        <themekey>transportation</themekey>
        <themekey>bus stops</themekey>
        <themekey>bus routes</themekey>
      </theme>
      <theme>
        <themekt>ISO 19115 Topic Categories</themekt>
        <themekey>transportation</themekey>
      </theme>
      <place>
        <placekt>Not applicable</placekt>
        <placekey>Washington State</placekey>
        <placekey>King County</placekey>
        <placekey>WA</placekey>
        <placekey>Pacific NW</placekey>
      </place>
    </keywords>
    <accconst>None</accconst>
    <useconst>King County data are made available with the understanding that they shall be used exclusively by the obtainer or his/her authorized agents. Digital products may not be reproduced or redistributed in any form or by any means without the express written authorization of King County.</useconst>
    <ptcontac>
      <cntinfo>
        <cntorgp>
          <cntorg>King County Dept. of Transportation, Metro Transit Division, GIS Group</cntorg>
          <cntper>Trang Bui</cntper>
        </cntorgp>
        <cntpos>DBA/GIS Analyst</cntpos>
        <cntaddr>
          <addrtype>mailing and physical</addrtype>
          <address>201 S Jackson St, Suite 800</address>
          <city>Seattle</city>
          <state>WA</state>
          <postal>98104</postal>
        </cntaddr>
        <cntvoice>206-684-1593</cntvoice>
        <cntfax>206-684-2059</cntfax>
        <cntemail>trang.bui@kingcounty.gov</cntemail>
        <hours>8:00 am - 5:00 pm Monday - Friday</hours>
      </cntinfo>
    </ptcontac>
    <browse>
      <browsen>http://www5.kingcounty.gov/sdc/DataImages/busstop.jpg</browsen>
      <browsed>JPG File of layer overlain on base of WA counties or local cities</browsed>
      <browset>JPEG</browset>
    </browse>
    <native>Microsoft Windows 7 Version 6.1 (Build 7601) Service Pack 1; Esri ArcGIS 10.1.1.3143</native>
    <crossref>
      <citeinfo>
        <origin>King County Metro</origin>
        <title>Metro Transit Bus Stops</title>
      </citeinfo>
    </crossref>
  </idinfo>
  <dataqual>
    <lineage>
      <procstep>
        <procdesc>Metadata is updated by Trang Bui on 12/06/12.</procdesc>
        <procdate>20121206</procdate>
      </procstep>
    </lineage>
  </dataqual>
  <spdoinfo>
    <direct>Vector</direct>
    <ptvctinf>
      <sdtsterm>
        <sdtstype>Entity point</sdtstype>
        <ptvctcnt>0</ptvctcnt>
      </sdtsterm>
    </ptvctinf>
  </spdoinfo>
  <spref>
    <horizsys>
      <planar>
        <mapproj>
          <mapprojn>NAD 1983 HARN StatePlane Washington North FIPS 4601 Feet</mapprojn>
          <lambertc>
            <stdparll>47.5</stdparll>
            <stdparll>48.73333333333333</stdparll>
            <longcm>-120.8333333333333</longcm>
            <latprjo>47.0</latprjo>
            <feast>1640416.666666667</feast>
            <fnorth>0.0</fnorth>
          </lambertc>
        </mapproj>
        <planci>
          <plance>coordinate pair</plance>
          <coordrep>
            <absres>0.0003280833333333334</absres>
            <ordres>0.0003280833333333334</ordres>
          </coordrep>
          <plandu>foot_us</plandu>
        </planci>
      </planar>
      <geodetic>
        <horizdn>D North American 1983 HARN</horizdn>
        <ellips>GRS 1980</ellips>
        <semiaxis>6378137.0</semiaxis>
        <denflat>298.257222101</denflat>
      </geodetic>
    </horizsys>
  </spref>
  <eainfo>
    <detailed>
      <enttyp>
        <enttypl>maint.TRANSIT.busstop_xml</enttypl>
        <enttypd>Metro Transit Bus Stops</enttypd>
        <enttypds>King County Metro</enttypds>
      </enttyp>
      <attr>
        <attrlabl>OBJECTID</attrlabl>
        <attrdef>Internal feature number.</attrdef>
        <attrdefs>ESRI</attrdefs>
        <attrdomv>
          <udom>Sequential unique whole numbers that are automatically generated.</udom>
        </attrdomv>
      </attr>
      <attr>
        <attrlabl>Shape</attrlabl>
        <attrdef>Feature geometry.</attrdef>
        <attrdefs>ESRI</attrdefs>
        <attrdomv>
          <udom>Coordinates defining the features.</udom>
        </attrdomv>
      </attr>
      <attr>
        <attrlabl>BUSSTOP_ID</attrlabl>
        <attrdef>Internal number</attrdef>
        <attrdefs>King County Metro</attrdefs>
      </attr>
      <attr>
        <attrlabl>ZONEKEY</attrlabl>
        <attrdef>Bus stop unique ID</attrdef>
        <attrdefs>King County Metro</attrdefs>
      </attr>
      <attr>
        <attrlabl>BEGIN_DATE</attrlabl>
        <attrdef>The date that bus stop status goes into effect</attrdef>
        <attrdefs>King County Metro</attrdefs>
      </attr>
      <attr>
        <attrlabl>END_DATE</attrlabl>
        <attrdef>The date that bus stop status changes to another value</attrdef>
        <attrdefs>King County Metro</attrdefs>
      </attr>
      <attr>
        <attrlabl>TLINK_ID</attrlabl>
        <attrdef>Uniquely identifies the transportation link that the stop is on</attrdef>
        <attrdefs>King County Metro</attrdefs>
      </attr>
      <attr>
        <attrlabl>RAMKEY</attrlabl>
        <attrdef>Unique ID of the street link the bus stop relates to</attrdef>
        <attrdefs>King County Metro</attrdefs>
      </attr>
      <attr>
        <attrlabl>ACCESS_LVL</attrlabl>
        <attrdef>Handicap accesibility level</attrdef>
        <attrdefs>King County Metro</attrdefs>
        <attrdomv>
          <edom>
            <edomv>1 ft clear</edomv>
            <edomvd>One foot clearance</edomvd>
            <edomvds>King County Metro</edomvds>
          </edom>
          <edom>
            <edomv>2 ft clear</edomv>
            <edomvd>Two foot clearance</edomvd>
            <edomvds>King County Metro</edomvds>
          </edom>
          <edom>
            <edomv>3 ft clear</edomv>
            <edomvd>Three foot clearance</edomvd>
            <edomvds>King County Metro</edomvds>
          </edom>
          <edom>
            <edomv>Hazardous</edomv>
            <edomvd>Hazardous zone</edomvd>
            <edomvds>King County Metro</edomvds>
          </edom>
          <edom>
            <edomv>Not access</edomv>
            <edomvd>Not accessible</edomvd>
            <edomvds>King County Metro</edomvds>
          </edom>
          <edom>
            <edomv>Unknown</edomv>
            <edomvd>Unknown</edomvd>
            <edomvds>King County Metro</edomvds>
          </edom>
          <edom>
            <edomv>Yes</edomv>
            <edomvd>Yes</edomvd>
            <edomvds>King County Metro</edomvds>
          </edom>
          <edom>
            <edomv>Zero clear</edomv>
            <edomvd>Zero foot clearance</edomvd>
            <edomvds>King County Metro</edomvds>
          </edom>
        </attrdomv>
      </attr>
      <attr>
        <attrlabl>LANDING_PD</attrlabl>
        <attrdef>Landing pad at the stop</attrdef>
        <attrdefs>King County Metro</attrdefs>
        <attrdomv>
          <edom>
            <edomv>NO</edomv>
            <edomvd>No</edomvd>
            <edomvds>King County Metro</edomvds>
          </edom>
          <edom>
            <edomv>YES</edomv>
            <edomvd>Yes</edomvd>
            <edomvds>King County Metro</edomvds>
          </edom>
        </attrdomv>
      </attr>
      <attr>
        <attrlabl>TRNSFR_PT</attrlabl>
        <attrdef>The stop is in easy walking distance to other bus routes</attrdef>
        <attrdefs>King County Metro</attrdefs>
        <attrdomv>
          <edom>
            <edomv>NO</edomv>
            <edomvd>No</edomvd>
            <edomvds>King County Metro</edomvds>
          </edom>
          <edom>
            <edomv>YES</edomv>
            <edomvd>Yes</edomvd>
            <edomvds>King County Metro</edomvds>
          </edom>
        </attrdomv>
      </attr>
      <attr>
        <attrlabl>AUTHORITY</attrlabl>
        <attrdef>The owner of the property the bus stop is on</attrdef>
        <attrdefs>King County Metro</attrdefs>
      </attr>
      <attr>
        <attrlabl>AWNING</attrlabl>
        <attrdef>Presence of awning</attrdef>
        <attrdefs>King County Metro</attrdefs>
        <attrdomv>
          <edom>
            <edomv>NO</edomv>
            <edomvd>No</edomvd>
            <edomvds>King County Metro</edomvds>
          </edom>
          <edom>
            <edomv>NO</edomv>
            <edomvd>No</edomvd>
            <edomvds>King County Metro</edomvds>
          </edom>
        </attrdomv>
      </attr>
      <attr>
        <attrlabl>BEARING_CD</attrlabl>
        <attrdef>Compass direction of the vehicle with site access (e.g.,E, W, N, S)</attrdef>
        <attrdefs>King County Metro</attrdefs>
        <attrdomv>
          <edom>
            <edomv>E</edomv>
            <edomvd>East</edomvd>
            <edomvds>King County Metro</edomvds>
          </edom>
          <edom>
            <edomv>N</edomv>
            <edomvd>North</edomvd>
            <edomvds>King County Metro</edomvds>
          </edom>
          <edom>
            <edomv>S</edomv>
            <edomvd>South</edomvd>
            <edomvds>King County Metro</edomvds>
          </edom>
          <edom>
            <edomv>W</edomv>
            <edomvd>West</edomvd>
            <edomvds>King County Metro</edomvds>
          </edom>
        </attrdomv>
      </attr>
      <attr>
        <attrlabl>CURB</attrlabl>
        <attrdef>Curb is present</attrdef>
        <attrdefs>King County Metro</attrdefs>
        <attrdomv>
          <edom>
            <edomv>No</edomv>
            <edomvd>No</edomvd>
            <edomvds>King County Metro</edomvds>
          </edom>
          <edom>
            <edomv>Yes</edomv>
            <edomvd>Yes</edomvd>
            <edomvds>King County Metro</edomvds>
          </edom>
          <edom>
            <edomv>No</edomv>
            <edomvd>No</edomvd>
            <edomvds>King County Metro</edomvds>
          </edom>
          <edom>
            <edomv>UNK</edomv>
            <edomvd>unknown</edomvd>
            <edomvds>King County Metro</edomvds>
          </edom>
        </attrdomv>
      </attr>
      <attr>
        <attrlabl>CURB_HT</attrlabl>
        <attrdef>Height of curb</attrdef>
        <attrdefs>King County Metro</attrdefs>
      </attr>
      <attr>
        <attrlabl>BAY</attrlabl>
        <attrdef>The transfer center bay</attrdef>
        <attrdefs>King County Metro</attrdefs>
      </attr>
      <attr>
        <attrlabl>BIKE_RACK</attrlabl>
        <attrdef>presence of bike rack</attrdef>
        <attrdefs>King County Metro</attrdefs>
        <attrdomv>
          <edom>
            <edomv>NO</edomv>
            <edomvd>No</edomvd>
            <edomvds>King County Metro</edomvds>
          </edom>
        </attrdomv>
      </attr>
      <attr>
        <attrlabl>CREATED_BY</attrlabl>
        <attrdef>Creator of bus stop</attrdef>
        <attrdefs>King County Metro</attrdefs>
      </attr>
      <attr>
        <attrlabl>CROSS_STRE</attrlabl>
        <attrdef>Nearest perpendicular reference point of cross street</attrdef>
        <attrdefs>King County Metro</attrdefs>
      </attr>
      <attr>
        <attrlabl>CURB_PAINT</attrlabl>
        <attrdef>Type of painting on curb at bus stop</attrdef>
        <attrdefs>King County Metro</attrdefs>
        <attrdomv>
          <edom>
            <edomv>Red- firelan</edomv>
            <edomvd>Red - fire lane</edomvd>
            <edomvds>King County Metro</edomvds>
          </edom>
          <edom>
            <edomv>Unknown</edomv>
            <edomvd>Unknown</edomvd>
            <edomvds>King County Metro</edomvds>
          </edom>
          <edom>
            <edomv>White-layovr</edomv>
            <edomvd>White - layover</edomvd>
            <edomvds>King County Metro</edomvds>
          </edom>
          <edom>
            <edomv>YelRed- stop</edomv>
            <edomvd>Yellow Red - Stop</edomvd>
            <edomvds>King County Metro</edomvds>
          </edom>
        </attrdomv>
      </attr>
      <attr>
        <attrlabl>DT_CREATED</attrlabl>
        <attrdef>Date stop was created</attrdef>
        <attrdefs>King County Metro</attrdefs>
      </attr>
      <attr>
        <attrlabl>DT_MAPPED</attrlabl>
        <attrdef>Date stop was mapped</attrdef>
        <attrdefs>King County Metro</attrdefs>
      </attr>
      <attr>
        <attrlabl>DT_MOD</attrlabl>
        <attrdef>Date stop was last modified</attrdef>
        <attrdefs>King County Metro</attrdefs>
      </attr>
      <attr>
        <attrlabl>DISPLACEMT</attrlabl>
        <attrdef>Distance along street link in the direction of the link flow</attrdef>
        <attrdefs>King County Metro</attrdefs>
      </attr>
      <attr>
        <attrlabl>RAMPOSITIO</attrlabl>
        <attrdef>Ramp Position Distance from the from node</attrdef>
        <attrdefs>King County Metro</attrdefs>
      </attr>
      <attr>
        <attrlabl>DITCH</attrlabl>
        <attrdef>Presence of ditch</attrdef>
        <attrdefs>King County Metro</attrdefs>
        <attrdomv>
          <edom>
            <edomv>No</edomv>
            <edomvd>No</edomvd>
            <edomvds>King County Metro</edomvds>
          </edom>
          <edom>
            <edomv>Yes</edomv>
            <edomvd>Yes</edomvd>
            <edomvds>King County Metro</edomvds>
          </edom>
          <edom>
            <edomv>UNK</edomv>
            <edomvd>Unknown</edomvd>
            <edomvds>King County Metro</edomvds>
          </edom>
        </attrdomv>
      </attr>
      <attr>
        <attrlabl>EXT_SURFC</attrlabl>
        <attrdef>The type of surface of the stop extension</attrdef>
        <attrdefs>King County Metro</attrdefs>
      </attr>
      <attr>
        <attrlabl>EXT_WIDTH</attrlabl>
        <attrdef>The width of the stop extension</attrdef>
        <attrdefs>King County Metro</attrdefs>
      </attr>
      <attr>
        <attrlabl>FRM_CROSS</attrlabl>
        <attrdef>Distance from the cross street curb to the bus stop</attrdef>
        <attrdefs>King County Metro</attrdefs>
      </attr>
      <attr>
        <attrlabl>FRM_INTRST</attrlabl>
        <attrdef>Distance from intersection center to the stop</attrdef>
        <attrdefs>King County Metro</attrdefs>
      </attr>
      <attr>
        <attrlabl>JURIS</attrlabl>
        <attrdef>Jurisdiction in which stop is located</attrdef>
        <attrdefs>King County Metro</attrdefs>
        <attrdomv>
          <edom>
            <edomv>ALG</edomv>
            <edomvd>Algona</edomvd>
            <edomvds>King County Metro</edomvds>
          </edom>
          <edom>
            <edomv>AUB</edomv>
            <edomvd>Auburn</edomvd>
            <edomvds>King County Metro</edomvds>
          </edom>
          <edom>
            <edomv>BEL</edomv>
            <edomvd>Bellevue</edomvd>
            <edomvds>King County Metro</edomvds>
          </edom>
          <edom>
            <edomv>BLD</edomv>
            <edomvd>Black Diamond</edomvd>
            <edomvds>King County Metro</edomvds>
          </edom>
          <edom>
            <edomv>BOT</edomv>
            <edomvd>Bothell</edomvd>
            <edomvds>King County Metro</edomvds>
          </edom>
          <edom>
            <edomv>BUR</edomv>
            <edomvd>Burien</edomvd>
            <edomvds>King County Metro</edomvds>
          </edom>
          <edom>
            <edomv>CAR</edomv>
            <edomvd>Carnation</edomvd>
            <edomvds>King County Metro</edomvds>
          </edom>
          <edom>
            <edomv>CH</edomv>
            <edomvd>Clyde Hill</edomvd>
            <edomvds>King County Metro</edomvds>
          </edom>
          <edom>
            <edomv>COV</edomv>
            <edomvd>Covington</edomvd>
            <edomvds>King County Metro</edomvds>
          </edom>
          <edom>
            <edomv>DES</edomv>
            <edomvd>Des Monies</edomvd>
            <edomvds>King County Metro</edomvds>
          </edom>
          <edom>
            <edomv>DUV</edomv>
            <edomvd>Duvall</edomvd>
            <edomvds>King County Metro</edomvds>
          </edom>
          <edom>
            <edomv>ENU</edomv>
            <edomvd>Enumclaw</edomvd>
            <edomvds>King County Metro</edomvds>
          </edom>
          <edom>
            <edomv>EVT</edomv>
            <edomvd>Everett</edomvd>
            <edomvds>King County Metro</edomvds>
          </edom>
          <edom>
            <edomv>FDY</edomv>
            <edomvd>Federal Way</edomvd>
            <edomvds>King County Metro</edomvds>
          </edom>
          <edom>
            <edomv>ISS</edomv>
            <edomvd>Issaquah</edomvd>
            <edomvds>King County Metro</edomvds>
          </edom>
          <edom>
            <edomv>KC</edomv>
            <edomvd>King County</edomvd>
            <edomvds>King County Metro</edomvds>
          </edom>
          <edom>
            <edomv>KEN</edomv>
            <edomvd>Kent</edomvd>
            <edomvds>King County Metro</edomvds>
          </edom>
          <edom>
            <edomv>LFP</edomv>
            <edomvd>Lake Forest Park</edomvd>
            <edomvds>King County Metro</edomvds>
          </edom>
          <edom>
            <edomv>LYN</edomv>
            <edomvd>Lynwood</edomvd>
            <edomvds>King County Metro</edomvds>
          </edom>
          <edom>
            <edomv>MED</edomv>
            <edomvd>Medina</edomvd>
            <edomvds>King County Metro</edomvds>
          </edom>
          <edom>
            <edomv>MI</edomv>
            <edomvd>Mercer Island</edomvd>
            <edomvds>King County Metro</edomvds>
          </edom>
          <edom>
            <edomv>MTL</edomv>
            <edomvds>King County Metro</edomvds>
          </edom>
          <edom>
            <edomv>MV</edomv>
            <edomvd>Maple Valley</edomvd>
            <edomvds>King County Metro</edomvds>
          </edom>
          <edom>
            <edomv>NEW</edomv>
            <edomvd>Newcastle</edomvd>
            <edomvds>King County Metro</edomvds>
          </edom>
          <edom>
            <edomv>NOB</edomv>
            <edomvd>North Bend</edomvd>
            <edomvds>King County Metro</edomvds>
          </edom>
          <edom>
            <edomv>NP</edomv>
            <edomvd>Normandy Park</edomvd>
            <edomvds>King County Metro</edomvds>
          </edom>
          <edom>
            <edomv>PAC</edomv>
            <edomvd>Pacific</edomvd>
            <edomvds>King County Metro</edomvds>
          </edom>
          <edom>
            <edomv>RED</edomv>
            <edomvd>Redmond</edomvd>
            <edomvds>King County Metro</edomvds>
          </edom>
          <edom>
            <edomv>RNT</edomv>
            <edomvd>Renton</edomvd>
            <edomvds>King County Metro</edomvds>
          </edom>
          <edom>
            <edomv>SAM</edomv>
            <edomvd>Sammamish</edomvd>
            <edomvds>King County Metro</edomvds>
          </edom>
          <edom>
            <edomv>SEA</edomv>
            <edomvd>Seattle</edomvd>
            <edomvds>King County Metro</edomvds>
          </edom>
          <edom>
            <edomv>SHL</edomv>
            <edomvd>Shoreline</edomvd>
            <edomvds>King County Metro</edomvds>
          </edom>
          <edom>
            <edomv>SNO</edomv>
            <edomvd>Snohomish</edomvd>
            <edomvds>King County Metro</edomvds>
          </edom>
          <edom>
            <edomv>SNQ</edomv>
            <edomvd>Snoqualmie</edomvd>
            <edomvds>King County Metro</edomvds>
          </edom>
          <edom>
            <edomv>STC</edomv>
            <edomvd>Seatac</edomvd>
            <edomvds>King County Metro</edomvds>
          </edom>
          <edom>
            <edomv>TAC</edomv>
            <edomvd>Tacoma</edomvd>
            <edomvds>King County Metro</edomvds>
          </edom>
          <edom>
            <edomv>TUK</edomv>
            <edomvd>Tukwila</edomvd>
            <edomvds>King County Metro</edomvds>
          </edom>
          <edom>
            <edomv>WDV</edomv>
            <edomvd>Woodinville</edomvd>
            <edomvds>King County Metro</edomvds>
          </edom>
          <edom>
            <edomv>YP</edomv>
            <edomvd>Yarrow Point</edomvd>
            <edomvds>King County Metro</edomvds>
          </edom>
        </attrdomv>
      </attr>
      <attr>
        <attrlabl>REG_FARE</attrlabl>
        <attrdef>Regional fare zone that the stop is in</attrdef>
        <attrdefs>King County Metro</attrdefs>
        <attrdomv>
          <edom>
            <edomv>ALG</edomv>
            <edomvd>Algona</edomvd>
            <edomvds>King County Metro</edomvds>
          </edom>
        </attrdomv>
      </attr>
      <attr>
        <attrlabl>RFP_DIST</attrlabl>
        <attrdef>Route facilities planning district that the stop is in</attrdef>
        <attrdefs>King County Metro</attrdefs>
        <attrdomv>
          <edom>
            <edomv>CB</edomv>
            <edomvd>Central Business</edomvd>
            <edomvds>King County Metro</edomvds>
          </edom>
          <edom>
            <edomv>E</edomv>
            <edomvd>East</edomvd>
            <edomvds>King County Metro</edomvds>
          </edom>
          <edom>
            <edomv>NC</edomv>
            <edomvd>North Central</edomvd>
            <edomvds>King County Metro</edomvds>
          </edom>
          <edom>
            <edomv>NW</edomv>
            <edomvd>Northwest</edomvd>
            <edomvds>King County Metro</edomvds>
          </edom>
          <edom>
            <edomv>S</edomv>
            <edomvd>South</edomvd>
            <edomvds>King County Metro</edomvds>
          </edom>
          <edom>
            <edomv>SW</edomv>
            <edomvd>Southwest</edomvd>
            <edomvds>King County Metro</edomvds>
          </edom>
        </attrdomv>
      </attr>
      <attr>
        <attrlabl>ZIP_CODE</attrlabl>
        <attrdef>The postal zip code that the stop resides in</attrdef>
        <attrdefs>King County Metro</attrdefs>
      </attr>
      <attr>
        <attrlabl>I_SGN_ANCH</attrlabl>
        <attrdef>The anchor type for the information sign of the stop</attrdef>
        <attrdefs>King County Metro</attrdefs>
      </attr>
      <attr>
        <attrlabl>I_SGN</attrlabl>
        <attrdef>The information sign type at the bus stop</attrdef>
        <attrdefs>King County Metro</attrdefs>
      </attr>
      <attr>
        <attrlabl>INT_LOC</attrlabl>
        <attrdef>Descriptive indicator of where the stop is in relation to the intersection</attrdef>
        <attrdefs>King County Metro</attrdefs>
      </attr>
      <attr>
        <attrlabl>LINK_LEN</attrlabl>
        <attrdef>Length of the street link the stop is on</attrdef>
        <attrdefs>King County Metro</attrdefs>
      </attr>
      <attr>
        <attrlabl>PCNT_FROM</attrlabl>
        <attrdef>Pecent along the street link to the bus stop from the beginning of the link</attrdef>
        <attrdefs>King County Metro</attrdefs>
      </attr>
      <attr>
        <attrlabl>T_ND_FROM</attrlabl>
        <attrdef>From tpoint that the stop references</attrdef>
        <attrdefs>King County Metro</attrdefs>
      </attr>
      <attr>
        <attrlabl>MOD_BY</attrlabl>
        <attrdef>Person or process that last modified the stop</attrdef>
        <attrdefs>King County Metro</attrdefs>
      </attr>
      <attr>
        <attrlabl>NEWS_BOX</attrlabl>
        <attrdef>Presence of newspaper box</attrdef>
        <attrdefs>King County Metro</attrdefs>
      </attr>
      <attr>
        <attrlabl>NON_MT_SGN</attrlabl>
        <attrdef>Presence of non Metro operated sign</attrdef>
        <attrdefs>King County Metro</attrdefs>
        <attrdomv>
          <edom>
            <edomv>CT</edomv>
            <edomvd>Route Flag</edomvd>
            <edomvds>King County Metro</edomvds>
          </edom>
          <edom>
            <edomv>None</edomv>
            <edomvd>None</edomvd>
            <edomvds>King County Metro</edomvds>
          </edom>
          <edom>
            <edomv>Other</edomv>
            <edomvd>Other</edomvd>
            <edomvds>King County Metro</edomvds>
          </edom>
          <edom>
            <edomv>R402</edomv>
            <edomvd>Bus/Park</edomvd>
            <edomvds>King County Metro</edomvds>
          </edom>
          <edom>
            <edomv>R405</edomv>
            <edomvd>Towaway</edomvd>
            <edomvds>King County Metro</edomvds>
          </edom>
          <edom>
            <edomv>R408</edomv>
            <edomvd>School</edomvd>
            <edomvds>King County Metro</edomvds>
          </edom>
          <edom>
            <edomv>R409</edomv>
            <edomvds>King County Metro</edomvds>
          </edom>
          <edom>
            <edomv>R450</edomv>
            <edomvd>Layover</edomvd>
            <edomvds>King County Metro</edomvds>
          </edom>
        </attrdomv>
      </attr>
      <attr>
        <attrlabl>BOLLARDS</attrlabl>
        <attrdef>Number of bollards</attrdef>
        <attrdefs>King County Metro</attrdefs>
      </attr>
      <attr>
        <attrlabl>NUM_SHELT</attrlabl>
        <attrdef>Number of bus stop shelters</attrdef>
        <attrdefs>King County Metro</attrdefs>
      </attr>
      <attr>
        <attrlabl>ON_STREET</attrlabl>
        <attrdef>Name of the street that bus stop is on</attrdef>
        <attrdefs>King County Metro</attrdefs>
      </attr>
      <attr>
        <attrlabl>OTHR_COV_A</attrlabl>
        <attrdef>Presence of another covered area near the stop</attrdef>
        <attrdefs>King County Metro</attrdefs>
      </attr>
      <attr>
        <attrlabl>OWNER</attrlabl>
        <attrdef>Owner of the actual bus stop</attrdef>
        <attrdefs>King County Metro</attrdefs>
      </attr>
      <attr>
        <attrlabl>PAINT_LEN</attrlabl>
        <attrdef>Length of curb paint in feet</attrdef>
        <attrdefs>King County Metro</attrdefs>
      </attr>
      <attr>
        <attrlabl>PK_STP_SUR</attrlabl>
        <attrdef>Surface type of the parking strip at the stop</attrdef>
        <attrdefs>King County Metro</attrdefs>
      </attr>
      <attr>
        <attrlabl>PULLOUT</attrlabl>
        <attrdef>Presence of a stop pull out feature</attrdef>
        <attrdefs>King County Metro</attrdefs>
      </attr>
      <attr>
        <attrlabl>RET_WALL</attrlabl>
        <attrdef>Presence of a retaining wall at the stop</attrdef>
        <attrdefs>King County Metro</attrdefs>
      </attr>
      <attr>
        <attrlabl>RFA_FLAG</attrlabl>
        <attrdef>Indicates if the stop is in the ride free area</attrdef>
        <attrdefs>King County Metro</attrdefs>
        <attrdomv>
          <edom>
            <edomv>N</edomv>
            <edomvd>Not within ride free area</edomvd>
            <edomvds>King County Metro</edomvds>
          </edom>
          <edom>
            <edomv>Y</edomv>
            <edomvd>Within ride free area</edomvd>
            <edomvds>King County Metro</edomvds>
          </edom>
        </attrdomv>
      </attr>
      <attr>
        <attrlabl>RT_SGN_TP</attrlabl>
        <attrdef>Type of route sign</attrdef>
        <attrdefs>King County Metro</attrdefs>
      </attr>
      <attr>
        <attrlabl>SCHED_HOLD</attrlabl>
        <attrdef>Type of schedule holder</attrdef>
        <attrdefs>King County Metro</attrdefs>
        <attrdomv>
          <edom>
            <edomv>D</edomv>
            <edomvd>Double</edomvd>
            <edomvds>King County Metro</edomvds>
          </edom>
          <edom>
            <edomv>M</edomv>
            <edomvd>Midsize</edomvd>
            <edomvds>King County Metro</edomvds>
          </edom>
          <edom>
            <edomv>N</edomv>
            <edomvd>None</edomvd>
            <edomvds>King County Metro</edomvds>
          </edom>
          <edom>
            <edomv>S</edomv>
            <edomvd>Single</edomvd>
            <edomvds>King County Metro</edomvds>
          </edom>
        </attrdomv>
      </attr>
      <attr>
        <attrlabl>SHDR_SURF</attrlabl>
        <attrdef>Type of road shoulder surface at the stop</attrdef>
        <attrdefs>King County Metro</attrdefs>
      </attr>
      <attr>
        <attrlabl>SHDR_WIDTH</attrlabl>
        <attrdef>Width of the road shoulder at the stop</attrdef>
        <attrdefs>King County Metro</attrdefs>
      </attr>
      <attr>
        <attrlabl>SIDE</attrlabl>
        <attrdef>Which side of on street the stop lies based on street direction a</attrdef>
        <attrdefs>King County Metro</attrdefs>
        <attrdomv>
          <edom>
            <edomv>0</edomv>
            <edomvds>King County Metro</edomvds>
          </edom>
          <edom>
            <edomv>1</edomv>
            <edomvds>King County Metro</edomvds>
          </edom>
        </attrdomv>
      </attr>
      <attr>
        <attrlabl>SIDE_CROSS</attrlabl>
        <attrdef>Site location relative to cross street</attrdef>
        <attrdefs>King County Metro</attrdefs>
        <attrdomv>
          <edom>
            <edomv>E</edomv>
            <edomvd>East</edomvd>
            <edomvds>King County Metro</edomvds>
          </edom>
          <edom>
            <edomv>N</edomv>
            <edomvd>North</edomvd>
            <edomvds>King County Metro</edomvds>
          </edom>
          <edom>
            <edomv>S</edomv>
            <edomvd>South</edomvd>
            <edomvds>King County Metro</edomvds>
          </edom>
          <edom>
            <edomv>U</edomv>
            <edomvd>Unknown</edomvd>
            <edomvds>King County Metro</edomvds>
          </edom>
          <edom>
            <edomv>W</edomv>
            <edomvd>West</edomvd>
            <edomvds>King County Metro</edomvds>
          </edom>
        </attrdomv>
      </attr>
      <attr>
        <attrlabl>SIDE_ON</attrlabl>
        <attrdef>Which side of on street the site lies using cardinal direction</attrdef>
        <attrdefs>King County Metro</attrdefs>
        <attrdomv>
          <edom>
            <edomv>E</edomv>
            <edomvd>East</edomvd>
            <edomvds>King County Metro</edomvds>
          </edom>
          <edom>
            <edomv>N</edomv>
            <edomvd>North</edomvd>
            <edomvds>King County Metro</edomvds>
          </edom>
          <edom>
            <edomv>S</edomv>
            <edomvd>South</edomvd>
            <edomvds>King County Metro</edomvds>
          </edom>
          <edom>
            <edomv>U</edomv>
            <edomvd>Unknown</edomvd>
            <edomvds>King County Metro</edomvds>
          </edom>
          <edom>
            <edomv>W</edomv>
            <edomvd>West</edomvd>
            <edomvds>King County Metro</edomvds>
          </edom>
        </attrdomv>
      </attr>
      <attr>
        <attrlabl>SWLK_WIDTH</attrlabl>
        <attrdef>Width of the sidewalk at the stop</attrdef>
        <attrdefs>King County Metro</attrdefs>
      </attr>
      <attr>
        <attrlabl>SGN_MT_DIR</attrlabl>
        <attrdef>Direction that the sign is mounted</attrdef>
        <attrdefs>King County Metro</attrdefs>
      </attr>
      <attr>
        <attrlabl>SGN_PST_AN</attrlabl>
        <attrdef>The type of sign post anchor at the stop</attrdef>
        <attrdefs>King County Metro</attrdefs>
      </attr>
      <attr>
        <attrlabl>SGN_PST_TP</attrlabl>
        <attrdef>Type of sign post</attrdef>
        <attrdefs>King County Metro</attrdefs>
      </attr>
      <attr>
        <attrlabl>SPC_SGN_TP</attrlabl>
        <attrdef>The type of special sign</attrdef>
        <attrdefs>King County Metro</attrdefs>
      </attr>
      <attr>
        <attrlabl>LENGTH</attrlabl>
        <attrdef>The length of the bus stop</attrdef>
        <attrdefs>King County Metro</attrdefs>
      </attr>
      <attr>
        <attrlabl>STATUS</attrlabl>
        <attrdef>Activation status of the stop</attrdef>
        <attrdefs>King County Metro</attrdefs>
      </attr>
      <attr>
        <attrlabl>STOP_TYPE</attrlabl>
        <attrdef>Type of stop</attrdef>
        <attrdefs>King County Metro</attrdefs>
      </attr>
      <attr>
        <attrlabl>ADDRESS</attrlabl>
        <attrdef>The address of the stop</attrdef>
        <attrdefs>King County Metro</attrdefs>
      </attr>
      <attr>
        <attrlabl>ADD_COMMNT</attrlabl>
        <attrdef>Additional address comments related to the stop</attrdef>
        <attrdefs>King County Metro</attrdefs>
      </attr>
      <attr>
        <attrlabl>STRP_WIDTH</attrlabl>
        <attrdef>The parking strip width</attrdef>
        <attrdefs>King County Metro</attrdefs>
      </attr>
      <attr>
        <attrlabl>T_SIGNAL</attrlabl>
        <attrdef>Presence of a nearby traffic signal</attrdef>
        <attrdefs>King County Metro</attrdefs>
      </attr>
      <attr>
        <attrlabl>WLK_SURF</attrlabl>
        <attrdef>Type of surface of the walkway by the stop</attrdef>
        <attrdefs>King County Metro</attrdefs>
      </attr>
      <attr>
        <attrlabl>XCOORD</attrlabl>
        <attrdef>The x coordinate identifying the location of the bus stop along the street link</attrdef>
        <attrdefs>King County Metro</attrdefs>
      </attr>
      <attr>
        <attrlabl>YCOORD</attrlabl>
        <attrdef>The y coordinate identifying the location of the bus stop along the street link</attrdef>
        <attrdefs>King County Metro</attrdefs>
      </attr>
      <attr>
        <attrlabl>XCOORD_OFF</attrlabl>
        <attrdef>The x coordinate identifying the location of the bus stop along the street link offset by 25 ft</attrdef>
        <attrdefs>King County Metro</attrdefs>
      </attr>
      <attr>
        <attrlabl>YCOORD_OFF</attrlabl>
        <attrdef>The y coordinate identifying the location of the bus stop along the street link offset by 25 ft</attrdef>
        <attrdefs>King County Metro</attrdefs>
      </attr>
    </detailed>
    <overview>
      <eadetcit>King County</eadetcit>
    </overview>
  </eainfo>
  <distinfo>
    <distrib>
      <cntinfo>
        <cntorgp>
          <cntorg>KCGIS Center</cntorg>
          <cntper>Cheryl Wilder</cntper>
        </cntorgp>
        <cntpos>Data Sales Coordinator</cntpos>
        <cntaddr>
          <addrtype>mailing and physical</addrtype>
          <address>201 S Jackson St, Suite 700</address>
          <city>Seattle</city>
          <state>WA</state>
          <postal>98104</postal>
        </cntaddr>
        <cntvoice>206-263-5220</cntvoice>
      </cntinfo>
    </distrib>
    <resdesc>/plibrary2/transportation/shapes/point/busstop.shp</resdesc>
    <distliab>King County disclaims any warranty of use of any digital product or data beyond that for which it was designed.</distliab>
    <stdorder>
      <digform>
        <digtinfo>
          <formname>ESRI Shapefile</formname>
        </digtinfo>
        <digtopt />
      </digform>
      <fees>Contact KCGIS Client Services for the cost of reproduction - &lt;http://www.kingcounty.gov/gis/services/index.htm&gt;</fees>
    </stdorder>
  </distinfo>
  <metainfo>
    <metd>20170427</metd>
    <metc>
      <cntinfo>
        <cntorgp>
          <cntorg>King County Dept. of Transportation, Metro Transit Division, GIS Group</cntorg>
          <cntper>Trang Bui</cntper>
        </cntorgp>
        <cntpos>GIS Analyst</cntpos>
        <cntaddr>
          <addrtype>mailing and physical</addrtype>
          <address>201 S Jackson St, Suite 800</address>
          <city>Seattle</city>
          <state>WA</state>
          <postal>98104</postal>
        </cntaddr>
        <cntvoice>206-684-1593</cntvoice>
        <cntemail>Trang.Bui@metrokc.gov</cntemail>
      </cntinfo>
    </metc>
    <metstdn>FGDC Content Standard for Digital Geospatial Metadata</metstdn>
    <metstdv>FGDC-STD-001-1998</metstdv>
    <mettc>local time</mettc>
  </metainfo>
</metadata>